"Program","Year","Period","Week Ending","Geo Level","State","State ANSI","Ag District","Ag District Code","County","County ANSI","Zip Code","Region","watershed_code","Watershed","Commodity","Data Item","Domain","Domain Category","Value","CV (%)"
"SURVEY","2021","YEAR","","STATE","ARKANSAS","05","","","","","","","00000000","","RICE","RICE - PRODUCTION, MEASURED IN $","TOTAL","NOT SPECIFIED","1,257,677,000",""
"SURVEY","2021","YEAR","","STATE","CALIFORNIA","06","","","","","","","00000000","","RICE","RICE - PRODUCTION, MEASURED IN $","TOTAL","NOT SPECIFIED","905,329,000",""
"SURVEY","2021","YEAR","","STATE","LOUISIANA","22","","","","","","","00000000","","RICE","RICE - PRODUCTION, MEASURED IN $","TOTAL","NOT SPECIFIED","401,103,000",""
"SURVEY","2021","YEAR","","STATE","MISSISSIPPI","28","","","","","","","00000000","","RICE","RICE - PRODUCTION, MEASURED IN $","TOTAL","NOT SPECIFIED","101,790,000",""
"SURVEY","2021","YEAR","","STATE","MISSOURI","29","","","","","","","00000000","","RICE","RICE - PRODUCTION, MEASURED IN $","TOTAL","NOT SPECIFIED","212,146,000",""
"SURVEY","2021","YEAR","","STATE","TEXAS","48","","","","","","","00000000","","RICE","RICE - PRODUCTION, MEASURED IN $","TOTAL","NOT SPECIFIED","182,589,000",""
"SURVEY","2020","YEAR","","STATE","ARKANSAS","05","","","","","","","00000000","","RICE","RICE - PRODUCTION, MEASURED IN $","TOTAL","NOT SPECIFIED","1,351,338,000",""
"SURVEY","2020","YEAR","","STATE","CALIFORNIA","06","","","","","","","00000000","","RICE","RICE - PRODUCTION, MEASURED IN $","TOTAL","NOT SPECIFIED","1,021,668,000",""
"SURVEY","2020","YEAR","","STATE","LOUISIANA","22","","","","","","","00000000","","RICE","RICE - PRODUCTION, MEASURED IN $","TOTAL","NOT SPECIFIED","406,186,000",""
"SURVEY","2020","YEAR","","STATE","MISSISSIPPI","28","","","","","","","00000000","","RICE","RICE - PRODUCTION, MEASURED IN $","TOTAL","NOT SPECIFIED","153,013,000",""
"SURVEY","2020","YEAR","","STATE","MISSOURI","29","","","","","","","00000000","","RICE","RICE - PRODUCTION, MEASURED IN $","TOTAL","NOT SPECIFIED","187,816,000",""
"SURVEY","2020","YEAR","","STATE","OTHER STATES","","","","","","","","00000000","","RICE","RICE - PRODUCTION, MEASURED IN $","TOTAL","NOT SPECIFIED","0",""
"SURVEY","2020","YEAR","","STATE","TEXAS","48","","","","","","","00000000","","RICE","RICE - PRODUCTION, MEASURED IN $","TOTAL","NOT SPECIFIED","194,140,000",""
"SURVEY","2019","YEAR","","STATE","ARKANSAS","05","","","","","","","00000000","","RICE","RICE - PRODUCTION, MEASURED IN $","TOTAL","NOT SPECIFIED","1,002,658,000",""
"SURVEY","2019","YEAR","","STATE","CALIFORNIA","06","","","","","","","00000000","","RICE","RICE - PRODUCTION, MEASURED IN $","TOTAL","NOT SPECIFIED","923,492,000",""
"SURVEY","2019","YEAR","","STATE","LOUISIANA","22","","","","","","","00000000","","RICE","RICE - PRODUCTION, MEASURED IN $","TOTAL","NOT SPECIFIED","311,614,000",""
"SURVEY","2019","YEAR","","STATE","MISSISSIPPI","28","","","","","","","00000000","","RICE","RICE - PRODUCTION, MEASURED IN $","TOTAL","NOT SPECIFIED","98,794,000",""
"SURVEY","2019","YEAR","","STATE","MISSOURI","29","","","","","","","00000000","","RICE","RICE - PRODUCTION, MEASURED IN $","TOTAL","NOT SPECIFIED","154,239,000",""
"SURVEY","2019","YEAR","","STATE","OTHER STATES","","","","","","","","00000000","","RICE","RICE - PRODUCTION, MEASURED IN $","TOTAL","NOT SPECIFIED","0",""
"SURVEY","2019","YEAR","","STATE","TEXAS","48","","","","","","","00000000","","RICE","RICE - PRODUCTION, MEASURED IN $","TOTAL","NOT SPECIFIED","141,158,000",""
"SURVEY","2018","YEAR","","STATE","ARKANSAS","05","","","","","","","00000000","","RICE","RICE - PRODUCTION, MEASURED IN $","TOTAL","NOT SPECIFIED","1,148,378,000",""
"SURVEY","2018","YEAR","","STATE","CALIFORNIA","06","","","","","","","00000000","","RICE","RICE - PRODUCTION, MEASURED IN $","TOTAL","NOT SPECIFIED","924,953,000",""
"SURVEY","2018","YEAR","","STATE","LOUISIANA","22","","","","","","","00000000","","RICE","RICE - PRODUCTION, MEASURED IN $","TOTAL","NOT SPECIFIED","348,253,000",""
"SURVEY","2018","YEAR","","STATE","MISSISSIPPI","28","","","","","","","00000000","","RICE","RICE - PRODUCTION, MEASURED IN $","TOTAL","NOT SPECIFIED","110,344,000",""
"SURVEY","2018","YEAR","","STATE","MISSOURI","29","","","","","","","00000000","","RICE","RICE - PRODUCTION, MEASURED IN $","TOTAL","NOT SPECIFIED","182,863,000",""
"SURVEY","2018","YEAR","","STATE","TEXAS","48","","","","","","","00000000","","RICE","RICE - PRODUCTION, MEASURED IN $","TOTAL","NOT SPECIFIED","188,250,000",""
"SURVEY","2017","YEAR","","STATE","ARKANSAS","05","","","","","","","00000000","","RICE","RICE - PRODUCTION, MEASURED IN $","TOTAL","NOT SPECIFIED","917,348,000",""
"SURVEY","2017","YEAR","","STATE","CALIFORNIA","06","","","","","","","00000000","","RICE","RICE - PRODUCTION, MEASURED IN $","TOTAL","NOT SPECIFIED","756,723,000",""
"SURVEY","2017","YEAR","","STATE","LOUISIANA","22","","","","","","","00000000","","RICE","RICE - PRODUCTION, MEASURED IN $","TOTAL","NOT SPECIFIED","310,085,000",""
"SURVEY","2017","YEAR","","STATE","MISSISSIPPI","28","","","","","","","00000000","","RICE","RICE - PRODUCTION, MEASURED IN $","TOTAL","NOT SPECIFIED","97,014,000",""
"SURVEY","2017","YEAR","","STATE","MISSOURI","29","","","","","","","00000000","","RICE","RICE - PRODUCTION, MEASURED IN $","TOTAL","NOT SPECIFIED","142,800,000",""
"SURVEY","2017","YEAR","","STATE","TEXAS","48","","","","","","","00000000","","RICE","RICE - PRODUCTION, MEASURED IN $","TOTAL","NOT SPECIFIED","136,469,000",""
"SURVEY","2016","YEAR","","STATE","ARKANSAS","05","","","","","","","00000000","","RICE","RICE - PRODUCTION, MEASURED IN $","TOTAL","NOT SPECIFIED","988,898,000",""
"SURVEY","2016","YEAR","","STATE","CALIFORNIA","06","","","","","","","00000000","","RICE","RICE - PRODUCTION, MEASURED IN $","TOTAL","NOT SPECIFIED","677,734,000",""
"SURVEY","2016","YEAR","","STATE","LOUISIANA","22","","","","","","","00000000","","RICE","RICE - PRODUCTION, MEASURED IN $","TOTAL","NOT SPECIFIED","289,578,000",""
"SURVEY","2016","YEAR","","STATE","MISSISSIPPI","28","","","","","","","00000000","","RICE","RICE - PRODUCTION, MEASURED IN $","TOTAL","NOT SPECIFIED","133,022,000",""
"SURVEY","2016","YEAR","","STATE","MISSOURI","29","","","","","","","00000000","","RICE","RICE - PRODUCTION, MEASURED IN $","TOTAL","NOT SPECIFIED","152,292,000",""
"SURVEY","2016","YEAR","","STATE","TEXAS","48","","","","","","","00000000","","RICE","RICE - PRODUCTION, MEASURED IN $","TOTAL","NOT SPECIFIED","143,166,000",""
"SURVEY","2015","YEAR","","STATE","ARKANSAS","05","","","","","","","00000000","","RICE","RICE - PRODUCTION, MEASURED IN $","TOTAL","NOT SPECIFIED","1,032,339,000",""
"SURVEY","2015","YEAR","","STATE","CALIFORNIA","06","","","","","","","00000000","","RICE","RICE - PRODUCTION, MEASURED IN $","TOTAL","NOT SPECIFIED","696,937,000",""
"SURVEY","2015","YEAR","","STATE","LOUISIANA","22","","","","","","","00000000","","RICE","RICE - PRODUCTION, MEASURED IN $","TOTAL","NOT SPECIFIED","328,217,000",""
"SURVEY","2015","YEAR","","STATE","MISSISSIPPI","28","","","","","","","00000000","","RICE","RICE - PRODUCTION, MEASURED IN $","TOTAL","NOT SPECIFIED","116,534,000",""
"SURVEY","2015","YEAR","","STATE","MISSOURI","29","","","","","","","00000000","","RICE","RICE - PRODUCTION, MEASURED IN $","TOTAL","NOT SPECIFIED","136,774,000",""
"SURVEY","2015","YEAR","","STATE","TEXAS","48","","","","","","","00000000","","RICE","RICE - PRODUCTION, MEASURED IN $","TOTAL","NOT SPECIFIED","110,310,000",""
"SURVEY","2014","YEAR","","STATE","ARKANSAS","05","","","","","","","00000000","","RICE","RICE - PRODUCTION, MEASURED IN $","TOTAL","NOT SPECIFIED","1,343,484,000",""
"SURVEY","2014","YEAR","","STATE","CALIFORNIA","06","","","","","","","00000000","","RICE","RICE - PRODUCTION, MEASURED IN $","TOTAL","NOT SPECIFIED","827,005,000",""
"SURVEY","2014","YEAR","","STATE","LOUISIANA","22","","","","","","","00000000","","RICE","RICE - PRODUCTION, MEASURED IN $","TOTAL","NOT SPECIFIED","424,978,000",""
"SURVEY","2014","YEAR","","STATE","MISSISSIPPI","28","","","","","","","00000000","","RICE","RICE - PRODUCTION, MEASURED IN $","TOTAL","NOT SPECIFIED","171,971,000",""
"SURVEY","2014","YEAR","","STATE","MISSOURI","29","","","","","","","00000000","","RICE","RICE - PRODUCTION, MEASURED IN $","TOTAL","NOT SPECIFIED","159,940,000",""
"SURVEY","2014","YEAR","","STATE","TEXAS","48","","","","","","","00000000","","RICE","RICE - PRODUCTION, MEASURED IN $","TOTAL","NOT SPECIFIED","148,240,000",""
"SURVEY","2013","YEAR","","STATE","ARKANSAS","05","","","","","","","00000000","","RICE","RICE - PRODUCTION, MEASURED IN $","TOTAL","NOT SPECIFIED","1,222,612,000",""
"SURVEY","2013","YEAR","","STATE","CALIFORNIA","06","","","","","","","00000000","","RICE","RICE - PRODUCTION, MEASURED IN $","TOTAL","NOT SPECIFIED","995,697,000",""
"SURVEY","2013","YEAR","","STATE","LOUISIANA","22","","","","","","","00000000","","RICE","RICE - PRODUCTION, MEASURED IN $","TOTAL","NOT SPECIFIED","467,093,000",""
"SURVEY","2013","YEAR","","STATE","MISSISSIPPI","28","","","","","","","00000000","","RICE","RICE - PRODUCTION, MEASURED IN $","TOTAL","NOT SPECIFIED","141,310,000",""
"SURVEY","2013","YEAR","","STATE","MISSOURI","29","","","","","","","00000000","","RICE","RICE - PRODUCTION, MEASURED IN $","TOTAL","NOT SPECIFIED","165,617,000",""
"SURVEY","2013","YEAR","","STATE","TEXAS","48","","","","","","","00000000","","RICE","RICE - PRODUCTION, MEASURED IN $","TOTAL","NOT SPECIFIED","182,778,000",""
"SURVEY","2012","YEAR","","STATE","ARKANSAS","05","","","","","","","00000000","","RICE","RICE - PRODUCTION, MEASURED IN $","TOTAL","NOT SPECIFIED","1,374,359,000",""
"SURVEY","2012","YEAR","","STATE","CALIFORNIA","06","","","","","","","00000000","","RICE","RICE - PRODUCTION, MEASURED IN $","TOTAL","NOT SPECIFIED","844,682,000",""
"SURVEY","2012","YEAR","","STATE","LOUISIANA","22","","","","","","","00000000","","RICE","RICE - PRODUCTION, MEASURED IN $","TOTAL","NOT SPECIFIED","367,776,000",""
"SURVEY","2012","YEAR","","STATE","MISSISSIPPI","28","","","","","","","00000000","","RICE","RICE - PRODUCTION, MEASURED IN $","TOTAL","NOT SPECIFIED","135,605,000",""
"SURVEY","2012","YEAR","","STATE","MISSOURI","29","","","","","","","00000000","","RICE","RICE - PRODUCTION, MEASURED IN $","TOTAL","NOT SPECIFIED","174,445,000",""
"SURVEY","2012","YEAR","","STATE","TEXAS","48","","","","","","","00000000","","RICE","RICE - PRODUCTION, MEASURED IN $","TOTAL","NOT SPECIFIED","170,498,000",""
"SURVEY","2011","YEAR","","STATE","ARKANSAS","05","","","","","","","00000000","","RICE","RICE - PRODUCTION, MEASURED IN $","TOTAL","NOT SPECIFIED","1,046,540,000",""
"SURVEY","2011","YEAR","","STATE","CALIFORNIA","06","","","","","","","00000000","","RICE","RICE - PRODUCTION, MEASURED IN $","TOTAL","NOT SPECIFIED","900,277,000",""
"SURVEY","2011","YEAR","","STATE","LOUISIANA","22","","","","","","","00000000","","RICE","RICE - PRODUCTION, MEASURED IN $","TOTAL","NOT SPECIFIED","354,162,000",""
"SURVEY","2011","YEAR","","STATE","MISSISSIPPI","28","","","","","","","00000000","","RICE","RICE - PRODUCTION, MEASURED IN $","TOTAL","NOT SPECIFIED","143,042,000",""
"SURVEY","2011","YEAR","","STATE","MISSOURI","29","","","","","","","00000000","","RICE","RICE - PRODUCTION, MEASURED IN $","TOTAL","NOT SPECIFIED","112,158,000",""
"SURVEY","2011","YEAR","","STATE","TEXAS","48","","","","","","","00000000","","RICE","RICE - PRODUCTION, MEASURED IN $","TOTAL","NOT SPECIFIED","181,244,000",""
"SURVEY","2010","YEAR","","STATE","ARKANSAS","05","","","","","","","00000000","","RICE","RICE - PRODUCTION, MEASURED IN $","TOTAL","NOT SPECIFIED","1,307,128,000",""
"SURVEY","2010","YEAR","","STATE","CALIFORNIA","06","","","","","","","00000000","","RICE","RICE - PRODUCTION, MEASURED IN $","TOTAL","NOT SPECIFIED","930,846,000",""
"SURVEY","2010","YEAR","","STATE","LOUISIANA","22","","","","","","","00000000","","RICE","RICE - PRODUCTION, MEASURED IN $","TOTAL","NOT SPECIFIED","388,238,000",""
"SURVEY","2010","YEAR","","STATE","MISSISSIPPI","28","","","","","","","00000000","","RICE","RICE - PRODUCTION, MEASURED IN $","TOTAL","NOT SPECIFIED","217,938,000",""
"SURVEY","2010","YEAR","","STATE","MISSOURI","29","","","","","","","00000000","","RICE","RICE - PRODUCTION, MEASURED IN $","TOTAL","NOT SPECIFIED","178,794,000",""
"SURVEY","2010","YEAR","","STATE","TEXAS","48","","","","","","","00000000","","RICE","RICE - PRODUCTION, MEASURED IN $","TOTAL","NOT SPECIFIED","160,269,000",""
"SURVEY","2009","YEAR","","STATE","ARKANSAS","05","","","","","","","00000000","","RICE","RICE - PRODUCTION, MEASURED IN $","TOTAL","NOT SPECIFIED","1,338,982,000",""
"SURVEY","2009","YEAR","","STATE","CALIFORNIA","06","","","","","","","00000000","","RICE","RICE - PRODUCTION, MEASURED IN $","TOTAL","NOT SPECIFIED","936,958,000",""
"SURVEY","2009","YEAR","","STATE","LOUISIANA","22","","","","","","","00000000","","RICE","RICE - PRODUCTION, MEASURED IN $","TOTAL","NOT SPECIFIED","379,821,000",""
"SURVEY","2009","YEAR","","STATE","MISSISSIPPI","28","","","","","","","00000000","","RICE","RICE - PRODUCTION, MEASURED IN $","TOTAL","NOT SPECIFIED","210,025,000",""
"SURVEY","2009","YEAR","","STATE","MISSOURI","29","","","","","","","00000000","","RICE","RICE - PRODUCTION, MEASURED IN $","TOTAL","NOT SPECIFIED","173,157,000",""
"SURVEY","2009","YEAR","","STATE","TEXAS","48","","","","","","","00000000","","RICE","RICE - PRODUCTION, MEASURED IN $","TOTAL","NOT SPECIFIED","170,293,000",""
"SURVEY","2008","YEAR","","STATE","ARKANSAS","05","","","","","","","00000000","","RICE","RICE - PRODUCTION, MEASURED IN $","TOTAL","NOT SPECIFIED","1,394,070,000",""
"SURVEY","2008","YEAR","","STATE","CALIFORNIA","06","","","","","","","00000000","","RICE","RICE - PRODUCTION, MEASURED IN $","TOTAL","NOT SPECIFIED","1,183,325,000",""
"SURVEY","2008","YEAR","","STATE","LOUISIANA","22","","","","","","","00000000","","RICE","RICE - PRODUCTION, MEASURED IN $","TOTAL","NOT SPECIFIED","416,370,000",""
"SURVEY","2008","YEAR","","STATE","MISSISSIPPI","28","","","","","","","00000000","","RICE","RICE - PRODUCTION, MEASURED IN $","TOTAL","NOT SPECIFIED","241,580,000",""
"SURVEY","2008","YEAR","","STATE","MISSOURI","29","","","","","","","00000000","","RICE","RICE - PRODUCTION, MEASURED IN $","TOTAL","NOT SPECIFIED","181,787,000",""
"SURVEY","2008","YEAR","","STATE","TEXAS","48","","","","","","","00000000","","RICE","RICE - PRODUCTION, MEASURED IN $","TOTAL","NOT SPECIFIED","186,328,000",""
"SURVEY","2007","YEAR","","STATE","ARKANSAS","05","","","","","","","00000000","","RICE","RICE - PRODUCTION, MEASURED IN $","TOTAL","NOT SPECIFIED","1,159,349,000",""
"SURVEY","2007","YEAR","","STATE","CALIFORNIA","06","","","","","","","00000000","","RICE","RICE - PRODUCTION, MEASURED IN $","TOTAL","NOT SPECIFIED","707,681,000",""
"SURVEY","2007","YEAR","","STATE","LOUISIANA","22","","","","","","","00000000","","RICE","RICE - PRODUCTION, MEASURED IN $","TOTAL","NOT SPECIFIED","294,919,000",""
"SURVEY","2007","YEAR","","STATE","MISSISSIPPI","28","","","","","","","00000000","","RICE","RICE - PRODUCTION, MEASURED IN $","TOTAL","NOT SPECIFIED","175,039,000",""
"SURVEY","2007","YEAR","","STATE","MISSOURI","29","","","","","","","00000000","","RICE","RICE - PRODUCTION, MEASURED IN $","TOTAL","NOT SPECIFIED","146,120,000",""
"SURVEY","2007","YEAR","","STATE","TEXAS","48","","","","","","","00000000","","RICE","RICE - PRODUCTION, MEASURED IN $","TOTAL","NOT SPECIFIED","117,763,000",""
"SURVEY","2006","YEAR","","STATE","ARKANSAS","05","","","","","","","00000000","","RICE","RICE - PRODUCTION, MEASURED IN $","TOTAL","NOT SPECIFIED","910,608,000",""
"SURVEY","2006","YEAR","","STATE","CALIFORNIA","06","","","","","","","00000000","","RICE","RICE - PRODUCTION, MEASURED IN $","TOTAL","NOT SPECIFIED","520,520,000",""
"SURVEY","2006","YEAR","","STATE","LOUISIANA","22","","","","","","","00000000","","RICE","RICE - PRODUCTION, MEASURED IN $","TOTAL","NOT SPECIFIED","199,490,000",""
"SURVEY","2006","YEAR","","STATE","MISSISSIPPI","28","","","","","","","00000000","","RICE","RICE - PRODUCTION, MEASURED IN $","TOTAL","NOT SPECIFIED","124,097,000",""
"SURVEY","2006","YEAR","","STATE","MISSOURI","29","","","","","","","00000000","","RICE","RICE - PRODUCTION, MEASURED IN $","TOTAL","NOT SPECIFIED","128,468,000",""
"SURVEY","2006","YEAR","","STATE","TEXAS","48","","","","","","","00000000","","RICE","RICE - PRODUCTION, MEASURED IN $","TOTAL","NOT SPECIFIED","107,600,000",""
"SURVEY","2005","YEAR","","STATE","ARKANSAS","05","","","","","","","00000000","","RICE","RICE - PRODUCTION, MEASURED IN $","TOTAL","NOT SPECIFIED","790,918,000",""
"SURVEY","2005","YEAR","","STATE","CALIFORNIA","06","","","","","","","00000000","","RICE","RICE - PRODUCTION, MEASURED IN $","TOTAL","NOT SPECIFIED","392,244,000",""
"SURVEY","2005","YEAR","","STATE","LOUISIANA","22","","","","","","","00000000","","RICE","RICE - PRODUCTION, MEASURED IN $","TOTAL","NOT SPECIFIED","231,443,000",""
"SURVEY","2005","YEAR","","STATE","MISSISSIPPI","28","","","","","","","00000000","","RICE","RICE - PRODUCTION, MEASURED IN $","TOTAL","NOT SPECIFIED","123,884,000",""
"SURVEY","2005","YEAR","","STATE","MISSOURI","29","","","","","","","00000000","","RICE","RICE - PRODUCTION, MEASURED IN $","TOTAL","NOT SPECIFIED","97,032,000",""
"SURVEY","2005","YEAR","","STATE","TEXAS","48","","","","","","","00000000","","RICE","RICE - PRODUCTION, MEASURED IN $","TOTAL","NOT SPECIFIED","103,077,000",""
"SURVEY","2004","YEAR","","STATE","ARKANSAS","05","","","","","","","00000000","","RICE","RICE - PRODUCTION, MEASURED IN $","TOTAL","NOT SPECIFIED","774,033,000",""
"SURVEY","2004","YEAR","","STATE","CALIFORNIA","06","","","","","","","00000000","","RICE","RICE - PRODUCTION, MEASURED IN $","TOTAL","NOT SPECIFIED","372,571,000",""
"SURVEY","2004","YEAR","","STATE","LOUISIANA","22","","","","","","","00000000","","RICE","RICE - PRODUCTION, MEASURED IN $","TOTAL","NOT SPECIFIED","223,232,000",""
"SURVEY","2004","YEAR","","STATE","MISSISSIPPI","28","","","","","","","00000000","","RICE","RICE - PRODUCTION, MEASURED IN $","TOTAL","NOT SPECIFIED","120,772,000",""
"SURVEY","2004","YEAR","","STATE","MISSOURI","29","","","","","","","00000000","","RICE","RICE - PRODUCTION, MEASURED IN $","TOTAL","NOT SPECIFIED","92,562,000",""
"SURVEY","2004","YEAR","","STATE","TEXAS","48","","","","","","","00000000","","RICE","RICE - PRODUCTION, MEASURED IN $","TOTAL","NOT SPECIFIED","118,652,000",""
"SURVEY","2003","YEAR","","STATE","ARKANSAS","05","","","","","","","00000000","","RICE","RICE - PRODUCTION, MEASURED IN $","TOTAL","NOT SPECIFIED","740,648,000",""
"SURVEY","2003","YEAR","","STATE","CALIFORNIA","06","","","","","","","00000000","","RICE","RICE - PRODUCTION, MEASURED IN $","TOTAL","NOT SPECIFIED","405,974,000",""
"SURVEY","2003","YEAR","","STATE","LOUISIANA","22","","","","","","","00000000","","RICE","RICE - PRODUCTION, MEASURED IN $","TOTAL","NOT SPECIFIED","202,729,000",""
"SURVEY","2003","YEAR","","STATE","MISSISSIPPI","28","","","","","","","00000000","","RICE","RICE - PRODUCTION, MEASURED IN $","TOTAL","NOT SPECIFIED","116,794,000",""
"SURVEY","2003","YEAR","","STATE","MISSOURI","29","","","","","","","00000000","","RICE","RICE - PRODUCTION, MEASURED IN $","TOTAL","NOT SPECIFIED","75,485,000",""
"SURVEY","2003","YEAR","","STATE","TEXAS","48","","","","","","","00000000","","RICE","RICE - PRODUCTION, MEASURED IN $","TOTAL","NOT SPECIFIED","87,318,000",""
"SURVEY","2002","YEAR","","STATE","ARKANSAS","05","","","","","","","00000000","","RICE","RICE - PRODUCTION, MEASURED IN $","TOTAL","NOT SPECIFIED","402,488,000",""
"SURVEY","2002","YEAR","","STATE","CALIFORNIA","06","","","","","","","00000000","","RICE","RICE - PRODUCTION, MEASURED IN $","TOTAL","NOT SPECIFIED","271,690,000",""
"SURVEY","2002","YEAR","","STATE","LOUISIANA","22","","","","","","","00000000","","RICE","RICE - PRODUCTION, MEASURED IN $","TOTAL","NOT SPECIFIED","121,716,000",""
"SURVEY","2002","YEAR","","STATE","MISSISSIPPI","28","","","","","","","00000000","","RICE","RICE - PRODUCTION, MEASURED IN $","TOTAL","NOT SPECIFIED","79,988,000",""
"SURVEY","2002","YEAR","","STATE","MISSOURI","29","","","","","","","00000000","","RICE","RICE - PRODUCTION, MEASURED IN $","TOTAL","NOT SPECIFIED","42,943,000",""
"SURVEY","2002","YEAR","","STATE","TEXAS","48","","","","","","","00000000","","RICE","RICE - PRODUCTION, MEASURED IN $","TOTAL","NOT SPECIFIED","60,803,000",""
"SURVEY","2001","YEAR","","STATE","ARKANSAS","05","","","","","","","00000000","","RICE","RICE - PRODUCTION, MEASURED IN $","TOTAL","NOT SPECIFIED","404,232,000",""
"SURVEY","2001","YEAR","","STATE","CALIFORNIA","06","","","","","","","00000000","","RICE","RICE - PRODUCTION, MEASURED IN $","TOTAL","NOT SPECIFIED","203,227,000",""
"SURVEY","2001","YEAR","","STATE","LOUISIANA","22","","","","","","","00000000","","RICE","RICE - PRODUCTION, MEASURED IN $","TOTAL","NOT SPECIFIED","134,163,000",""
"SURVEY","2001","YEAR","","STATE","MISSISSIPPI","28","","","","","","","00000000","","RICE","RICE - PRODUCTION, MEASURED IN $","TOTAL","NOT SPECIFIED","69,297,000",""
"SURVEY","2001","YEAR","","STATE","MISSOURI","29","","","","","","","00000000","","RICE","RICE - PRODUCTION, MEASURED IN $","TOTAL","NOT SPECIFIED","45,954,000",""
"SURVEY","2001","YEAR","","STATE","TEXAS","48","","","","","","","00000000","","RICE","RICE - PRODUCTION, MEASURED IN $","TOTAL","NOT SPECIFIED","68,182,000",""
"SURVEY","2000","YEAR","","STATE","ARKANSAS","05","","","","","","","00000000","","RICE","RICE - PRODUCTION, MEASURED IN $","TOTAL","NOT SPECIFIED","482,227,000",""
"SURVEY","2000","YEAR","","STATE","CALIFORNIA","06","","","","","","","00000000","","RICE","RICE - PRODUCTION, MEASURED IN $","TOTAL","NOT SPECIFIED","217,170,000",""
"SURVEY","2000","YEAR","","STATE","LOUISIANA","22","","","","","","","00000000","","RICE","RICE - PRODUCTION, MEASURED IN $","TOTAL","NOT SPECIFIED","142,020,000",""
"SURVEY","2000","YEAR","","STATE","MISSISSIPPI","28","","","","","","","00000000","","RICE","RICE - PRODUCTION, MEASURED IN $","TOTAL","NOT SPECIFIED","73,056,000",""
"SURVEY","2000","YEAR","","STATE","MISSOURI","29","","","","","","","00000000","","RICE","RICE - PRODUCTION, MEASURED IN $","TOTAL","NOT SPECIFIED","52,018,000",""
"SURVEY","2000","YEAR","","STATE","TEXAS","48","","","","","","","00000000","","RICE","RICE - PRODUCTION, MEASURED IN $","TOTAL","NOT SPECIFIED","83,470,000",""
"SURVEY","1999","YEAR","","STATE","ARKANSAS","05","","","","","","","00000000","","RICE","RICE - PRODUCTION, MEASURED IN $","TOTAL","NOT SPECIFIED","542,758,000",""
"SURVEY","1999","YEAR","","STATE","CALIFORNIA","06","","","","","","","00000000","","RICE","RICE - PRODUCTION, MEASURED IN $","TOTAL","NOT SPECIFIED","255,729,000",""
"SURVEY","1999","YEAR","","STATE","LOUISIANA","22","","","","","","","00000000","","RICE","RICE - PRODUCTION, MEASURED IN $","TOTAL","NOT SPECIFIED","184,642,000",""
"SURVEY","1999","YEAR","","STATE","MISSISSIPPI","28","","","","","","","00000000","","RICE","RICE - PRODUCTION, MEASURED IN $","TOTAL","NOT SPECIFIED","100,193,000",""
"SURVEY","1999","YEAR","","STATE","MISSOURI","29","","","","","","","00000000","","RICE","RICE - PRODUCTION, MEASURED IN $","TOTAL","NOT SPECIFIED","55,642,000",""
"SURVEY","1999","YEAR","","STATE","TEXAS","48","","","","","","","00000000","","RICE","RICE - PRODUCTION, MEASURED IN $","TOTAL","NOT SPECIFIED","92,243,000",""
"SURVEY","1998","YEAR","","STATE","ARKANSAS","05","","","","","","","00000000","","RICE","RICE - PRODUCTION, MEASURED IN $","TOTAL","NOT SPECIFIED","763,920,000",""
"SURVEY","1998","YEAR","","STATE","CALIFORNIA","06","","","","","","","00000000","","RICE","RICE - PRODUCTION, MEASURED IN $","TOTAL","NOT SPECIFIED","288,437,000",""
"SURVEY","1998","YEAR","","STATE","LOUISIANA","22","","","","","","","00000000","","RICE","RICE - PRODUCTION, MEASURED IN $","TOTAL","NOT SPECIFIED","249,309,000",""
"SURVEY","1998","YEAR","","STATE","MISSISSIPPI","28","","","","","","","00000000","","RICE","RICE - PRODUCTION, MEASURED IN $","TOTAL","NOT SPECIFIED","139,741,000",""
"SURVEY","1998","YEAR","","STATE","MISSOURI","29","","","","","","","00000000","","RICE","RICE - PRODUCTION, MEASURED IN $","TOTAL","NOT SPECIFIED","65,065,000",""
"SURVEY","1998","YEAR","","STATE","TEXAS","48","","","","","","","00000000","","RICE","RICE - PRODUCTION, MEASURED IN $","TOTAL","NOT SPECIFIED","147,685,000",""
"SURVEY","1997","YEAR","","STATE","ARKANSAS","05","","","","","","","00000000","","RICE","RICE - PRODUCTION, MEASURED IN $","TOTAL","NOT SPECIFIED","781,901,000",""
"SURVEY","1997","YEAR","","STATE","CALIFORNIA","06","","","","","","","00000000","","RICE","RICE - PRODUCTION, MEASURED IN $","TOTAL","NOT SPECIFIED","338,241,000",""
"SURVEY","1997","YEAR","","STATE","LOUISIANA","22","","","","","","","00000000","","RICE","RICE - PRODUCTION, MEASURED IN $","TOTAL","NOT SPECIFIED","275,206,000",""
"SURVEY","1997","YEAR","","STATE","MISSISSIPPI","28","","","","","","","00000000","","RICE","RICE - PRODUCTION, MEASURED IN $","TOTAL","NOT SPECIFIED","143,562,000",""
"SURVEY","1997","YEAR","","STATE","MISSOURI","29","","","","","","","00000000","","RICE","RICE - PRODUCTION, MEASURED IN $","TOTAL","NOT SPECIFIED","62,010,000",""
"SURVEY","1997","YEAR","","STATE","TEXAS","48","","","","","","","00000000","","RICE","RICE - PRODUCTION, MEASURED IN $","TOTAL","NOT SPECIFIED","155,216,000",""
"SURVEY","1996","YEAR","","STATE","ARKANSAS","05","","","","","","","00000000","","RICE","RICE - PRODUCTION, MEASURED IN $","TOTAL","NOT SPECIFIED","733,839,000",""
"SURVEY","1996","YEAR","","STATE","CALIFORNIA","06","","","","","","","00000000","","RICE","RICE - PRODUCTION, MEASURED IN $","TOTAL","NOT SPECIFIED","296,301,000",""
"SURVEY","1996","YEAR","","STATE","LOUISIANA","22","","","","","","","00000000","","RICE","RICE - PRODUCTION, MEASURED IN $","TOTAL","NOT SPECIFIED","275,356,000",""
"SURVEY","1996","YEAR","","STATE","MISSISSIPPI","28","","","","","","","00000000","","RICE","RICE - PRODUCTION, MEASURED IN $","TOTAL","NOT SPECIFIED","131,040,000",""
"SURVEY","1996","YEAR","","STATE","MISSOURI","29","","","","","","","00000000","","RICE","RICE - PRODUCTION, MEASURED IN $","TOTAL","NOT SPECIFIED","54,312,000",""
"SURVEY","1996","YEAR","","STATE","TEXAS","48","","","","","","","00000000","","RICE","RICE - PRODUCTION, MEASURED IN $","TOTAL","NOT SPECIFIED","199,422,000",""
"SURVEY","1995","YEAR","","STATE","ARKANSAS","05","","","","","","","00000000","","RICE","RICE - PRODUCTION, MEASURED IN $","TOTAL","NOT SPECIFIED","667,403,000",""
"SURVEY","1995","YEAR","","STATE","CALIFORNIA","06","","","","","","","00000000","","RICE","RICE - PRODUCTION, MEASURED IN $","TOTAL","NOT SPECIFIED","310,744,000",""
"SURVEY","1995","YEAR","","STATE","LOUISIANA","22","","","","","","","00000000","","RICE","RICE - PRODUCTION, MEASURED IN $","TOTAL","NOT SPECIFIED","238,240,000",""
"SURVEY","1995","YEAR","","STATE","MISSISSIPPI","28","","","","","","","00000000","","RICE","RICE - PRODUCTION, MEASURED IN $","TOTAL","NOT SPECIFIED","143,856,000",""
"SURVEY","1995","YEAR","","STATE","MISSOURI","29","","","","","","","00000000","","RICE","RICE - PRODUCTION, MEASURED IN $","TOTAL","NOT SPECIFIED","53,780,000",""
"SURVEY","1995","YEAR","","STATE","TEXAS","48","","","","","","","00000000","","RICE","RICE - PRODUCTION, MEASURED IN $","TOTAL","NOT SPECIFIED","173,213,000",""
"SURVEY","1994","YEAR","","STATE","ARKANSAS","05","","","","","","","00000000","","RICE","RICE - PRODUCTION, MEASURED IN $","TOTAL","NOT SPECIFIED","527,729,000",""
"SURVEY","1994","YEAR","","STATE","CALIFORNIA","06","","","","","","","00000000","","RICE","RICE - PRODUCTION, MEASURED IN $","TOTAL","NOT SPECIFIED","287,331,000",""
"SURVEY","1994","YEAR","","STATE","LOUISIANA","22","","","","","","","00000000","","RICE","RICE - PRODUCTION, MEASURED IN $","TOTAL","NOT SPECIFIED","197,596,000",""
"SURVEY","1994","YEAR","","STATE","MISSISSIPPI","28","","","","","","","00000000","","RICE","RICE - PRODUCTION, MEASURED IN $","TOTAL","NOT SPECIFIED","129,269,000",""
"SURVEY","1994","YEAR","","STATE","MISSOURI","29","","","","","","","00000000","","RICE","RICE - PRODUCTION, MEASURED IN $","TOTAL","NOT SPECIFIED","43,331,000",""
"SURVEY","1994","YEAR","","STATE","TEXAS","48","","","","","","","00000000","","RICE","RICE - PRODUCTION, MEASURED IN $","TOTAL","NOT SPECIFIED","151,314,000",""
"SURVEY","1993","YEAR","","STATE","ARKANSAS","05","","","","","","","00000000","","RICE","RICE - PRODUCTION, MEASURED IN $","TOTAL","NOT SPECIFIED","494,889,000",""
"SURVEY","1993","YEAR","","STATE","CALIFORNIA","06","","","","","","","00000000","","RICE","RICE - PRODUCTION, MEASURED IN $","TOTAL","NOT SPECIFIED","299,961,000",""
"SURVEY","1993","YEAR","","STATE","LOUISIANA","22","","","","","","","00000000","","RICE","RICE - PRODUCTION, MEASURED IN $","TOTAL","NOT SPECIFIED","184,426,000",""
"SURVEY","1993","YEAR","","STATE","MISSISSIPPI","28","","","","","","","00000000","","RICE","RICE - PRODUCTION, MEASURED IN $","TOTAL","NOT SPECIFIED","108,684,000",""
"SURVEY","1993","YEAR","","STATE","MISSOURI","29","","","","","","","00000000","","RICE","RICE - PRODUCTION, MEASURED IN $","TOTAL","NOT SPECIFIED","36,593,000",""
"SURVEY","1993","YEAR","","STATE","TEXAS","48","","","","","","","00000000","","RICE","RICE - PRODUCTION, MEASURED IN $","TOTAL","NOT SPECIFIED","122,322,000",""
"SURVEY","1992","YEAR","","STATE","ARKANSAS","05","","","","","","","00000000","","RICE","RICE - PRODUCTION, MEASURED IN $","TOTAL","NOT SPECIFIED","450,170,000",""
"SURVEY","1992","YEAR","","STATE","CALIFORNIA","06","","","","","","","00000000","","RICE","RICE - PRODUCTION, MEASURED IN $","TOTAL","NOT SPECIFIED","188,884,000",""
"SURVEY","1992","YEAR","","STATE","LOUISIANA","22","","","","","","","00000000","","RICE","RICE - PRODUCTION, MEASURED IN $","TOTAL","NOT SPECIFIED","169,614,000",""
"SURVEY","1992","YEAR","","STATE","MISSISSIPPI","28","","","","","","","00000000","","RICE","RICE - PRODUCTION, MEASURED IN $","TOTAL","NOT SPECIFIED","91,229,000",""
"SURVEY","1992","YEAR","","STATE","MISSOURI","29","","","","","","","00000000","","RICE","RICE - PRODUCTION, MEASURED IN $","TOTAL","NOT SPECIFIED","31,772,000",""
"SURVEY","1992","YEAR","","STATE","TEXAS","48","","","","","","","00000000","","RICE","RICE - PRODUCTION, MEASURED IN $","TOTAL","NOT SPECIFIED","125,603,000",""
"SURVEY","1991","YEAR","","STATE","ARKANSAS","05","","","","","","","00000000","","RICE","RICE - PRODUCTION, MEASURED IN $","TOTAL","NOT SPECIFIED","513,538,000",""
"SURVEY","1991","YEAR","","STATE","CALIFORNIA","06","","","","","","","00000000","","RICE","RICE - PRODUCTION, MEASURED IN $","TOTAL","NOT SPECIFIED","201,229,000",""
"SURVEY","1991","YEAR","","STATE","LOUISIANA","22","","","","","","","00000000","","RICE","RICE - PRODUCTION, MEASURED IN $","TOTAL","NOT SPECIFIED","189,717,000",""
"SURVEY","1991","YEAR","","STATE","MISSISSIPPI","28","","","","","","","00000000","","RICE","RICE - PRODUCTION, MEASURED IN $","TOTAL","NOT SPECIFIED","104,474,000",""
"SURVEY","1991","YEAR","","STATE","MISSOURI","29","","","","","","","00000000","","RICE","RICE - PRODUCTION, MEASURED IN $","TOTAL","NOT SPECIFIED","36,645,000",""
"SURVEY","1991","YEAR","","STATE","TEXAS","48","","","","","","","00000000","","RICE","RICE - PRODUCTION, MEASURED IN $","TOTAL","NOT SPECIFIED","167,727,000",""
"SURVEY","1990","YEAR","","STATE","ARKANSAS","05","","","","","","","00000000","","RICE","RICE - PRODUCTION, MEASURED IN $","TOTAL","NOT SPECIFIED","405,000,000",""
"SURVEY","1990","YEAR","","STATE","CALIFORNIA","06","","","","","","","00000000","","RICE","RICE - PRODUCTION, MEASURED IN $","TOTAL","NOT SPECIFIED","180,444,000",""
"SURVEY","1990","YEAR","","STATE","LOUISIANA","22","","","","","","","00000000","","RICE","RICE - PRODUCTION, MEASURED IN $","TOTAL","NOT SPECIFIED","178,136,000",""
"SURVEY","1990","YEAR","","STATE","MISSISSIPPI","28","","","","","","","00000000","","RICE","RICE - PRODUCTION, MEASURED IN $","TOTAL","NOT SPECIFIED","99,608,000",""
"SURVEY","1990","YEAR","","STATE","MISSOURI","29","","","","","","","00000000","","RICE","RICE - PRODUCTION, MEASURED IN $","TOTAL","NOT SPECIFIED","27,110,000",""
"SURVEY","1990","YEAR","","STATE","TEXAS","48","","","","","","","00000000","","RICE","RICE - PRODUCTION, MEASURED IN $","TOTAL","NOT SPECIFIED","156,944,000",""
"SURVEY","1989","YEAR","","STATE","ARKANSAS","05","","","","","","","00000000","","RICE","RICE - PRODUCTION, MEASURED IN $","TOTAL","NOT SPECIFIED","476,246,000",""
"SURVEY","1989","YEAR","","STATE","CALIFORNIA","06","","","","","","","00000000","","RICE","RICE - PRODUCTION, MEASURED IN $","TOTAL","NOT SPECIFIED","203,085,000",""
"SURVEY","1989","YEAR","","STATE","LOUISIANA","22","","","","","","","00000000","","RICE","RICE - PRODUCTION, MEASURED IN $","TOTAL","NOT SPECIFIED","167,821,000",""
"SURVEY","1989","YEAR","","STATE","MISSISSIPPI","28","","","","","","","00000000","","RICE","RICE - PRODUCTION, MEASURED IN $","TOTAL","NOT SPECIFIED","101,400,000",""
"SURVEY","1989","YEAR","","STATE","MISSOURI","29","","","","","","","00000000","","RICE","RICE - PRODUCTION, MEASURED IN $","TOTAL","NOT SPECIFIED","30,974,000",""
"SURVEY","1989","YEAR","","STATE","TEXAS","48","","","","","","","00000000","","RICE","RICE - PRODUCTION, MEASURED IN $","TOTAL","NOT SPECIFIED","154,513,000",""
"SURVEY","1988","YEAR","","STATE","ARKANSAS","05","","","","","","","00000000","","RICE","RICE - PRODUCTION, MEASURED IN $","TOTAL","NOT SPECIFIED","446,672,000",""
"SURVEY","1988","YEAR","","STATE","CALIFORNIA","06","","","","","","","00000000","","RICE","RICE - PRODUCTION, MEASURED IN $","TOTAL","NOT SPECIFIED","183,516,000",""
"SURVEY","1988","YEAR","","STATE","LOUISIANA","22","","","","","","","00000000","","RICE","RICE - PRODUCTION, MEASURED IN $","TOTAL","NOT SPECIFIED","166,152,000",""
"SURVEY","1988","YEAR","","STATE","MISSISSIPPI","28","","","","","","","00000000","","RICE","RICE - PRODUCTION, MEASURED IN $","TOTAL","NOT SPECIFIED","96,736,000",""
"SURVEY","1988","YEAR","","STATE","MISSOURI","29","","","","","","","00000000","","RICE","RICE - PRODUCTION, MEASURED IN $","TOTAL","NOT SPECIFIED","30,194,000",""
"SURVEY","1988","YEAR","","STATE","TEXAS","48","","","","","","","00000000","","RICE","RICE - PRODUCTION, MEASURED IN $","TOTAL","NOT SPECIFIED","168,547,000",""
"SURVEY","1987","YEAR","","STATE","ARKANSAS","05","","","","","","","00000000","","RICE","RICE - PRODUCTION, MEASURED IN $","TOTAL","NOT SPECIFIED","402,990,000",""
"SURVEY","1987","YEAR","","STATE","CALIFORNIA","06","","","","","","","00000000","","RICE","RICE - PRODUCTION, MEASURED IN $","TOTAL","NOT SPECIFIED","187,723,000",""
"SURVEY","1987","YEAR","","STATE","LOUISIANA","22","","","","","","","00000000","","RICE","RICE - PRODUCTION, MEASURED IN $","TOTAL","NOT SPECIFIED","146,192,000",""
"SURVEY","1987","YEAR","","STATE","MISSISSIPPI","28","","","","","","","00000000","","RICE","RICE - PRODUCTION, MEASURED IN $","TOTAL","NOT SPECIFIED","79,774,000",""
"SURVEY","1987","YEAR","","STATE","MISSOURI","29","","","","","","","00000000","","RICE","RICE - PRODUCTION, MEASURED IN $","TOTAL","NOT SPECIFIED","26,409,000",""
"SURVEY","1987","YEAR","","STATE","TEXAS","48","","","","","","","00000000","","RICE","RICE - PRODUCTION, MEASURED IN $","TOTAL","NOT SPECIFIED","128,079,000",""
"SURVEY","1986","YEAR","","STATE","ARKANSAS","05","","","","","","","00000000","","RICE","RICE - PRODUCTION, MEASURED IN $","TOTAL","NOT SPECIFIED","198,941,000",""
"SURVEY","1986","YEAR","","STATE","CALIFORNIA","06","","","","","","","00000000","","RICE","RICE - PRODUCTION, MEASURED IN $","TOTAL","NOT SPECIFIED","88,172,000",""
"SURVEY","1986","YEAR","","STATE","LOUISIANA","22","","","","","","","00000000","","RICE","RICE - PRODUCTION, MEASURED IN $","TOTAL","NOT SPECIFIED","78,101,000",""
"SURVEY","1986","YEAR","","STATE","MISSISSIPPI","28","","","","","","","00000000","","RICE","RICE - PRODUCTION, MEASURED IN $","TOTAL","NOT SPECIFIED","41,806,000",""
"SURVEY","1986","YEAR","","STATE","MISSOURI","29","","","","","","","00000000","","RICE","RICE - PRODUCTION, MEASURED IN $","TOTAL","NOT SPECIFIED","12,259,000",""
"SURVEY","1986","YEAR","","STATE","TEXAS","48","","","","","","","00000000","","RICE","RICE - PRODUCTION, MEASURED IN $","TOTAL","NOT SPECIFIED","76,226,000",""
"SURVEY","1985","YEAR","","STATE","ARKANSAS","05","","","","","","","00000000","","RICE","RICE - PRODUCTION, MEASURED IN $","TOTAL","NOT SPECIFIED","365,800,000",""
"SURVEY","1985","YEAR","","STATE","CALIFORNIA","06","","","","","","","00000000","","RICE","RICE - PRODUCTION, MEASURED IN $","TOTAL","NOT SPECIFIED","151,734,000",""
"SURVEY","1985","YEAR","","STATE","LOUISIANA","22","","","","","","","00000000","","RICE","RICE - PRODUCTION, MEASURED IN $","TOTAL","NOT SPECIFIED","146,653,000",""
"SURVEY","1985","YEAR","","STATE","MISSISSIPPI","28","","","","","","","00000000","","RICE","RICE - PRODUCTION, MEASURED IN $","TOTAL","NOT SPECIFIED","71,412,000",""
"SURVEY","1985","YEAR","","STATE","MISSOURI","29","","","","","","","00000000","","RICE","RICE - PRODUCTION, MEASURED IN $","TOTAL","NOT SPECIFIED","24,414,000",""
"SURVEY","1985","YEAR","","STATE","TEXAS","48","","","","","","","00000000","","RICE","RICE - PRODUCTION, MEASURED IN $","TOTAL","NOT SPECIFIED","133,364,000",""
"SURVEY","1984","YEAR","","STATE","ARKANSAS","05","","","","","","","00000000","","RICE","RICE - PRODUCTION, MEASURED IN $","TOTAL","NOT SPECIFIED","450,179,000",""
"SURVEY","1984","YEAR","","STATE","CALIFORNIA","06","","","","","","","00000000","","RICE","RICE - PRODUCTION, MEASURED IN $","TOTAL","NOT SPECIFIED","206,146,000",""
"SURVEY","1984","YEAR","","STATE","LOUISIANA","22","","","","","","","00000000","","RICE","RICE - PRODUCTION, MEASURED IN $","TOTAL","NOT SPECIFIED","179,842,000",""
"SURVEY","1984","YEAR","","STATE","MISSISSIPPI","28","","","","","","","00000000","","RICE","RICE - PRODUCTION, MEASURED IN $","TOTAL","NOT SPECIFIED","73,393,000",""
"SURVEY","1984","YEAR","","STATE","MISSOURI","29","","","","","","","00000000","","RICE","RICE - PRODUCTION, MEASURED IN $","TOTAL","NOT SPECIFIED","30,389,000",""
"SURVEY","1984","YEAR","","STATE","TEXAS","48","","","","","","","00000000","","RICE","RICE - PRODUCTION, MEASURED IN $","TOTAL","NOT SPECIFIED","179,424,000",""
"SURVEY","1983","YEAR","","STATE","ARKANSAS","05","","","","","","","00000000","","RICE","RICE - PRODUCTION, MEASURED IN $","TOTAL","NOT SPECIFIED","359,480,000",""
"SURVEY","1983","YEAR","","STATE","CALIFORNIA","06","","","","","","","00000000","","RICE","RICE - PRODUCTION, MEASURED IN $","TOTAL","NOT SPECIFIED","160,699,000",""
"SURVEY","1983","YEAR","","STATE","LOUISIANA","22","","","","","","","00000000","","RICE","RICE - PRODUCTION, MEASURED IN $","TOTAL","NOT SPECIFIED","130,768,000",""
"SURVEY","1983","YEAR","","STATE","MISSISSIPPI","28","","","","","","","00000000","","RICE","RICE - PRODUCTION, MEASURED IN $","TOTAL","NOT SPECIFIED","61,373,000",""
"SURVEY","1983","YEAR","","STATE","MISSOURI","29","","","","","","","00000000","","RICE","RICE - PRODUCTION, MEASURED IN $","TOTAL","NOT SPECIFIED","24,048,000",""
"SURVEY","1983","YEAR","","STATE","TEXAS","48","","","","","","","00000000","","RICE","RICE - PRODUCTION, MEASURED IN $","TOTAL","NOT SPECIFIED","137,636,000",""
"SURVEY","1982","YEAR","","STATE","ARKANSAS","05","","","","","","","00000000","","RICE","RICE - PRODUCTION, MEASURED IN $","TOTAL","NOT SPECIFIED","491,089,000",""
"SURVEY","1982","YEAR","","STATE","CALIFORNIA","06","","","","","","","00000000","","RICE","RICE - PRODUCTION, MEASURED IN $","TOTAL","NOT SPECIFIED","238,389,000",""
"SURVEY","1982","YEAR","","STATE","LOUISIANA","22","","","","","","","00000000","","RICE","RICE - PRODUCTION, MEASURED IN $","TOTAL","NOT SPECIFIED","200,139,000",""
"SURVEY","1982","YEAR","","STATE","MISSISSIPPI","28","","","","","","","00000000","","RICE","RICE - PRODUCTION, MEASURED IN $","TOTAL","NOT SPECIFIED","87,414,000",""
"SURVEY","1982","YEAR","","STATE","MISSOURI","29","","","","","","","00000000","","RICE","RICE - PRODUCTION, MEASURED IN $","TOTAL","NOT SPECIFIED","30,984,000",""
"SURVEY","1982","YEAR","","STATE","TEXAS","48","","","","","","","00000000","","RICE","RICE - PRODUCTION, MEASURED IN $","TOTAL","NOT SPECIFIED","198,593,000",""
"SURVEY","1981","YEAR","","STATE","ARKANSAS","05","","","","","","","00000000","","RICE","RICE - PRODUCTION, MEASURED IN $","TOTAL","NOT SPECIFIED","652,246,000",""
"SURVEY","1981","YEAR","","STATE","CALIFORNIA","06","","","","","","","00000000","","RICE","RICE - PRODUCTION, MEASURED IN $","TOTAL","NOT SPECIFIED","300,791,000",""
"SURVEY","1981","YEAR","","STATE","LOUISIANA","22","","","","","","","00000000","","RICE","RICE - PRODUCTION, MEASURED IN $","TOTAL","NOT SPECIFIED","253,450,000",""
"SURVEY","1981","YEAR","","STATE","MISSISSIPPI","28","","","","","","","00000000","","RICE","RICE - PRODUCTION, MEASURED IN $","TOTAL","NOT SPECIFIED","135,199,000",""
"SURVEY","1981","YEAR","","STATE","MISSOURI","29","","","","","","","00000000","","RICE","RICE - PRODUCTION, MEASURED IN $","TOTAL","NOT SPECIFIED","29,441,000",""
"SURVEY","1981","YEAR","","STATE","TEXAS","48","","","","","","","00000000","","RICE","RICE - PRODUCTION, MEASURED IN $","TOTAL","NOT SPECIFIED","283,286,000",""
"SURVEY","1980","YEAR","","STATE","ARKANSAS","05","","","","","","","00000000","","RICE","RICE - PRODUCTION, MEASURED IN $","TOTAL","NOT SPECIFIED","647,165,000",""
"SURVEY","1980","YEAR","","STATE","CALIFORNIA","06","","","","","","","00000000","","RICE","RICE - PRODUCTION, MEASURED IN $","TOTAL","NOT SPECIFIED","513,043,000",""
"SURVEY","1980","YEAR","","STATE","LOUISIANA","22","","","","","","","00000000","","RICE","RICE - PRODUCTION, MEASURED IN $","TOTAL","NOT SPECIFIED","249,216,000",""
"SURVEY","1980","YEAR","","STATE","MISSISSIPPI","28","","","","","","","00000000","","RICE","RICE - PRODUCTION, MEASURED IN $","TOTAL","NOT SPECIFIED","117,170,000",""
"SURVEY","1980","YEAR","","STATE","MISSOURI","29","","","","","","","00000000","","RICE","RICE - PRODUCTION, MEASURED IN $","TOTAL","NOT SPECIFIED","28,794,000",""
"SURVEY","1980","YEAR","","STATE","TEXAS","48","","","","","","","00000000","","RICE","RICE - PRODUCTION, MEASURED IN $","TOTAL","NOT SPECIFIED","317,619,000",""
"SURVEY","1979","YEAR","","STATE","ARKANSAS","05","","","","","","","00000000","","RICE","RICE - PRODUCTION, MEASURED IN $","TOTAL","NOT SPECIFIED","467,078,000",""
"SURVEY","1979","YEAR","","STATE","CALIFORNIA","06","","","","","","","00000000","","RICE","RICE - PRODUCTION, MEASURED IN $","TOTAL","NOT SPECIFIED","325,101,000",""
"SURVEY","1979","YEAR","","STATE","LOUISIANA","22","","","","","","","00000000","","RICE","RICE - PRODUCTION, MEASURED IN $","TOTAL","NOT SPECIFIED","218,816,000",""
"SURVEY","1979","YEAR","","STATE","MISSISSIPPI","28","","","","","","","00000000","","RICE","RICE - PRODUCTION, MEASURED IN $","TOTAL","NOT SPECIFIED","86,355,000",""
"SURVEY","1979","YEAR","","STATE","MISSOURI","29","","","","","","","00000000","","RICE","RICE - PRODUCTION, MEASURED IN $","TOTAL","NOT SPECIFIED","14,263,000",""
"SURVEY","1979","YEAR","","STATE","TEXAS","48","","","","","","","00000000","","RICE","RICE - PRODUCTION, MEASURED IN $","TOTAL","NOT SPECIFIED","272,380,000",""
"SURVEY","1978","YEAR","","STATE","ARKANSAS","05","","","","","","","00000000","","RICE","RICE - PRODUCTION, MEASURED IN $","TOTAL","NOT SPECIFIED","410,837,000",""
"SURVEY","1978","YEAR","","STATE","CALIFORNIA","06","","","","","","","00000000","","RICE","RICE - PRODUCTION, MEASURED IN $","TOTAL","NOT SPECIFIED","180,581,000",""
"SURVEY","1978","YEAR","","STATE","LOUISIANA","22","","","","","","","00000000","","RICE","RICE - PRODUCTION, MEASURED IN $","TOTAL","NOT SPECIFIED","168,188,000",""
"SURVEY","1978","YEAR","","STATE","MISSISSIPPI","28","","","","","","","00000000","","RICE","RICE - PRODUCTION, MEASURED IN $","TOTAL","NOT SPECIFIED","72,921,000",""
"SURVEY","1978","YEAR","","STATE","MISSOURI","29","","","","","","","00000000","","RICE","RICE - PRODUCTION, MEASURED IN $","TOTAL","NOT SPECIFIED","11,358,000",""
"SURVEY","1978","YEAR","","STATE","TEXAS","48","","","","","","","00000000","","RICE","RICE - PRODUCTION, MEASURED IN $","TOTAL","NOT SPECIFIED","243,115,000",""
"SURVEY","1977","YEAR","","STATE","ARKANSAS","05","","","","","","","00000000","","RICE","RICE - PRODUCTION, MEASURED IN $","TOTAL","NOT SPECIFIED","346,527,000",""
"SURVEY","1977","YEAR","","STATE","CALIFORNIA","06","","","","","","","00000000","","RICE","RICE - PRODUCTION, MEASURED IN $","TOTAL","NOT SPECIFIED","163,904,000",""
"SURVEY","1977","YEAR","","STATE","LOUISIANA","22","","","","","","","00000000","","RICE","RICE - PRODUCTION, MEASURED IN $","TOTAL","NOT SPECIFIED","155,958,000",""
"SURVEY","1977","YEAR","","STATE","MISSISSIPPI","28","","","","","","","00000000","","RICE","RICE - PRODUCTION, MEASURED IN $","TOTAL","NOT SPECIFIED","45,288,000",""
"SURVEY","1977","YEAR","","STATE","MISSOURI","29","","","","","","","00000000","","RICE","RICE - PRODUCTION, MEASURED IN $","TOTAL","NOT SPECIFIED","6,101,000",""
"SURVEY","1977","YEAR","","STATE","TEXAS","48","","","","","","","00000000","","RICE","RICE - PRODUCTION, MEASURED IN $","TOTAL","NOT SPECIFIED","223,470,000",""
"SURVEY","1976","YEAR","","STATE","ARKANSAS","05","","","","","","","00000000","","RICE","RICE - PRODUCTION, MEASURED IN $","TOTAL","NOT SPECIFIED","292,625,000",""
"SURVEY","1976","YEAR","","STATE","CALIFORNIA","06","","","","","","","00000000","","RICE","RICE - PRODUCTION, MEASURED IN $","TOTAL","NOT SPECIFIED","152,137,000",""
"SURVEY","1976","YEAR","","STATE","LOUISIANA","22","","","","","","","00000000","","RICE","RICE - PRODUCTION, MEASURED IN $","TOTAL","NOT SPECIFIED","144,986,000",""
"SURVEY","1976","YEAR","","STATE","MISSISSIPPI","28","","","","","","","00000000","","RICE","RICE - PRODUCTION, MEASURED IN $","TOTAL","NOT SPECIFIED","41,066,000",""
"SURVEY","1976","YEAR","","STATE","MISSOURI","29","","","","","","","00000000","","RICE","RICE - PRODUCTION, MEASURED IN $","TOTAL","NOT SPECIFIED","4,404,000",""
"SURVEY","1976","YEAR","","STATE","TEXAS","48","","","","","","","00000000","","RICE","RICE - PRODUCTION, MEASURED IN $","TOTAL","NOT SPECIFIED","176,140,000",""
"SURVEY","1975","YEAR","","STATE","ARKANSAS","05","","","","","","","00000000","","RICE","RICE - PRODUCTION, MEASURED IN $","TOTAL","NOT SPECIFIED","348,219,000",""
"SURVEY","1975","YEAR","","STATE","CALIFORNIA","06","","","","","","","00000000","","RICE","RICE - PRODUCTION, MEASURED IN $","TOTAL","NOT SPECIFIED","230,869,000",""
"SURVEY","1975","YEAR","","STATE","LOUISIANA","22","","","","","","","00000000","","RICE","RICE - PRODUCTION, MEASURED IN $","TOTAL","NOT SPECIFIED","210,036,000",""
"SURVEY","1975","YEAR","","STATE","MISSISSIPPI","28","","","","","","","00000000","","RICE","RICE - PRODUCTION, MEASURED IN $","TOTAL","NOT SPECIFIED","56,119,000",""
"SURVEY","1975","YEAR","","STATE","MISSOURI","29","","","","","","","00000000","","RICE","RICE - PRODUCTION, MEASURED IN $","TOTAL","NOT SPECIFIED","6,466,000",""
"SURVEY","1975","YEAR","","STATE","TEXAS","48","","","","","","","00000000","","RICE","RICE - PRODUCTION, MEASURED IN $","TOTAL","NOT SPECIFIED","220,215,000",""
"SURVEY","1974","YEAR","","STATE","ARKANSAS","05","","","","","","","00000000","","RICE","RICE - PRODUCTION, MEASURED IN $","TOTAL","NOT SPECIFIED","373,464,000",""
"SURVEY","1974","YEAR","","STATE","CALIFORNIA","06","","","","","","","00000000","","RICE","RICE - PRODUCTION, MEASURED IN $","TOTAL","NOT SPECIFIED","295,086,000",""
"SURVEY","1974","YEAR","","STATE","LOUISIANA","22","","","","","","","00000000","","RICE","RICE - PRODUCTION, MEASURED IN $","TOTAL","NOT SPECIFIED","264,990,000",""
"SURVEY","1974","YEAR","","STATE","MISSISSIPPI","28","","","","","","","00000000","","RICE","RICE - PRODUCTION, MEASURED IN $","TOTAL","NOT SPECIFIED","46,033,000",""
"SURVEY","1974","YEAR","","STATE","MISSOURI","29","","","","","","","00000000","","RICE","RICE - PRODUCTION, MEASURED IN $","TOTAL","NOT SPECIFIED","6,474,000",""
"SURVEY","1974","YEAR","","STATE","TEXAS","48","","","","","","","00000000","","RICE","RICE - PRODUCTION, MEASURED IN $","TOTAL","NOT SPECIFIED","275,312,000",""
"SURVEY","1973","YEAR","","STATE","ARKANSAS","05","","","","","","","00000000","","RICE","RICE - PRODUCTION, MEASURED IN $","TOTAL","NOT SPECIFIED","388,987,000",""
"SURVEY","1973","YEAR","","STATE","CALIFORNIA","06","","","","","","","00000000","","RICE","RICE - PRODUCTION, MEASURED IN $","TOTAL","NOT SPECIFIED","249,983,000",""
"SURVEY","1973","YEAR","","STATE","LOUISIANA","22","","","","","","","00000000","","RICE","RICE - PRODUCTION, MEASURED IN $","TOTAL","NOT SPECIFIED","287,749,000",""
"SURVEY","1973","YEAR","","STATE","MISSISSIPPI","28","","","","","","","00000000","","RICE","RICE - PRODUCTION, MEASURED IN $","TOTAL","NOT SPECIFIED","45,924,000",""
"SURVEY","1973","YEAR","","STATE","MISSOURI","29","","","","","","","00000000","","RICE","RICE - PRODUCTION, MEASURED IN $","TOTAL","NOT SPECIFIED","3,503,000",""
"SURVEY","1973","YEAR","","STATE","TEXAS","48","","","","","","","00000000","","RICE","RICE - PRODUCTION, MEASURED IN $","TOTAL","NOT SPECIFIED","303,844,000",""
"SURVEY","1972","YEAR","","STATE","ARKANSAS","05","","","","","","","00000000","","RICE","RICE - PRODUCTION, MEASURED IN $","TOTAL","NOT SPECIFIED","157,961,000",""
"SURVEY","1972","YEAR","","STATE","CALIFORNIA","06","","","","","","","00000000","","RICE","RICE - PRODUCTION, MEASURED IN $","TOTAL","NOT SPECIFIED","128,868,000",""
"SURVEY","1972","YEAR","","STATE","LOUISIANA","22","","","","","","","00000000","","RICE","RICE - PRODUCTION, MEASURED IN $","TOTAL","NOT SPECIFIED","127,789,000",""
"SURVEY","1972","YEAR","","STATE","MISSISSIPPI","28","","","","","","","00000000","","RICE","RICE - PRODUCTION, MEASURED IN $","TOTAL","NOT SPECIFIED","16,275,000",""
"SURVEY","1972","YEAR","","STATE","MISSOURI","29","","","","","","","00000000","","RICE","RICE - PRODUCTION, MEASURED IN $","TOTAL","NOT SPECIFIED","1,548,000",""
"SURVEY","1972","YEAR","","STATE","TEXAS","48","","","","","","","00000000","","RICE","RICE - PRODUCTION, MEASURED IN $","TOTAL","NOT SPECIFIED","142,466,000",""
"SURVEY","1971","YEAR","","STATE","ARKANSAS","05","","","","","","","00000000","","RICE","RICE - PRODUCTION, MEASURED IN $","TOTAL","NOT SPECIFIED","125,163,000",""
"SURVEY","1971","YEAR","","STATE","CALIFORNIA","06","","","","","","","00000000","","RICE","RICE - PRODUCTION, MEASURED IN $","TOTAL","NOT SPECIFIED","90,191,000",""
"SURVEY","1971","YEAR","","STATE","LOUISIANA","22","","","","","","","00000000","","RICE","RICE - PRODUCTION, MEASURED IN $","TOTAL","NOT SPECIFIED","100,172,000",""
"SURVEY","1971","YEAR","","STATE","MISSISSIPPI","28","","","","","","","00000000","","RICE","RICE - PRODUCTION, MEASURED IN $","TOTAL","NOT SPECIFIED","13,208,000",""
"SURVEY","1971","YEAR","","STATE","MISSOURI","29","","","","","","","00000000","","RICE","RICE - PRODUCTION, MEASURED IN $","TOTAL","NOT SPECIFIED","1,269,000",""
"SURVEY","1971","YEAR","","STATE","TEXAS","48","","","","","","","00000000","","RICE","RICE - PRODUCTION, MEASURED IN $","TOTAL","NOT SPECIFIED","127,694,000",""
"SURVEY","1970","YEAR","","STATE","ARKANSAS","05","","","","","","","00000000","","RICE","RICE - PRODUCTION, MEASURED IN $","TOTAL","NOT SPECIFIED","113,740,000",""
"SURVEY","1970","YEAR","","STATE","CALIFORNIA","06","","","","","","","00000000","","RICE","RICE - PRODUCTION, MEASURED IN $","TOTAL","NOT SPECIFIED","94,712,000",""
"SURVEY","1970","YEAR","","STATE","LOUISIANA","22","","","","","","","00000000","","RICE","RICE - PRODUCTION, MEASURED IN $","TOTAL","NOT SPECIFIED","101,169,000",""
"SURVEY","1970","YEAR","","STATE","MISSISSIPPI","28","","","","","","","00000000","","RICE","RICE - PRODUCTION, MEASURED IN $","TOTAL","NOT SPECIFIED","12,118,000",""
"SURVEY","1970","YEAR","","STATE","MISSOURI","29","","","","","","","00000000","","RICE","RICE - PRODUCTION, MEASURED IN $","TOTAL","NOT SPECIFIED","1,118,000",""
"SURVEY","1970","YEAR","","STATE","TEXAS","48","","","","","","","00000000","","RICE","RICE - PRODUCTION, MEASURED IN $","TOTAL","NOT SPECIFIED","110,329,000",""
"SURVEY","1969","YEAR","","STATE","ARKANSAS","05","","","","","","","00000000","","RICE","RICE - PRODUCTION, MEASURED IN $","TOTAL","NOT SPECIFIED","130,143,000",""
"SURVEY","1969","YEAR","","STATE","CALIFORNIA","06","","","","","","","00000000","","RICE","RICE - PRODUCTION, MEASURED IN $","TOTAL","NOT SPECIFIED","103,162,000",""
"SURVEY","1969","YEAR","","STATE","LOUISIANA","22","","","","","","","00000000","","RICE","RICE - PRODUCTION, MEASURED IN $","TOTAL","NOT SPECIFIED","100,723,000",""
"SURVEY","1969","YEAR","","STATE","MISSISSIPPI","28","","","","","","","00000000","","RICE","RICE - PRODUCTION, MEASURED IN $","TOTAL","NOT SPECIFIED","14,071,000",""
"SURVEY","1969","YEAR","","STATE","MISSOURI","29","","","","","","","00000000","","RICE","RICE - PRODUCTION, MEASURED IN $","TOTAL","NOT SPECIFIED","1,314,000",""
"SURVEY","1969","YEAR","","STATE","TEXAS","48","","","","","","","00000000","","RICE","RICE - PRODUCTION, MEASURED IN $","TOTAL","NOT SPECIFIED","105,632,000",""
"SURVEY","1968","YEAR","","STATE","ARKANSAS","05","","","","","","","00000000","","RICE","RICE - PRODUCTION, MEASURED IN $","TOTAL","NOT SPECIFIED","124,702,000",""
"SURVEY","1968","YEAR","","STATE","CALIFORNIA","06","","","","","","","00000000","","RICE","RICE - PRODUCTION, MEASURED IN $","TOTAL","NOT SPECIFIED","118,471,000",""
"SURVEY","1968","YEAR","","STATE","LOUISIANA","22","","","","","","","00000000","","RICE","RICE - PRODUCTION, MEASURED IN $","TOTAL","NOT SPECIFIED","126,266,000",""
"SURVEY","1968","YEAR","","STATE","MISSISSIPPI","28","","","","","","","00000000","","RICE","RICE - PRODUCTION, MEASURED IN $","TOTAL","NOT SPECIFIED","15,330,000",""
"SURVEY","1968","YEAR","","STATE","MISSOURI","29","","","","","","","00000000","","RICE","RICE - PRODUCTION, MEASURED IN $","TOTAL","NOT SPECIFIED","1,463,000",""
"SURVEY","1968","YEAR","","STATE","TEXAS","48","","","","","","","00000000","","RICE","RICE - PRODUCTION, MEASURED IN $","TOTAL","NOT SPECIFIED","135,005,000",""
"SURVEY","1967","YEAR","","STATE","ARKANSAS","05","","","","","","","00000000","","RICE","RICE - PRODUCTION, MEASURED IN $","TOTAL","NOT SPECIFIED","111,124,000",""
"SURVEY","1967","YEAR","","STATE","CALIFORNIA","06","","","","","","","00000000","","RICE","RICE - PRODUCTION, MEASURED IN $","TOTAL","NOT SPECIFIED","85,378,000",""
"SURVEY","1967","YEAR","","STATE","LOUISIANA","22","","","","","","","00000000","","RICE","RICE - PRODUCTION, MEASURED IN $","TOTAL","NOT SPECIFIED","108,192,000",""
"SURVEY","1967","YEAR","","STATE","MISSISSIPPI","28","","","","","","","00000000","","RICE","RICE - PRODUCTION, MEASURED IN $","TOTAL","NOT SPECIFIED","12,629,000",""
"SURVEY","1967","YEAR","","STATE","MISSOURI","29","","","","","","","00000000","","RICE","RICE - PRODUCTION, MEASURED IN $","TOTAL","NOT SPECIFIED","1,196,000",""
"SURVEY","1967","YEAR","","STATE","TEXAS","48","","","","","","","00000000","","RICE","RICE - PRODUCTION, MEASURED IN $","TOTAL","NOT SPECIFIED","125,476,000",""
"SURVEY","1966","YEAR","","STATE","ARKANSAS","05","","","","","","","00000000","","RICE","RICE - PRODUCTION, MEASURED IN $","TOTAL","NOT SPECIFIED","104,401,000",""
"SURVEY","1966","YEAR","","STATE","CALIFORNIA","06","","","","","","","00000000","","RICE","RICE - PRODUCTION, MEASURED IN $","TOTAL","NOT SPECIFIED","94,050,000",""
"SURVEY","1966","YEAR","","STATE","LOUISIANA","22","","","","","","","00000000","","RICE","RICE - PRODUCTION, MEASURED IN $","TOTAL","NOT SPECIFIED","100,553,000",""
"SURVEY","1966","YEAR","","STATE","MISSISSIPPI","28","","","","","","","00000000","","RICE","RICE - PRODUCTION, MEASURED IN $","TOTAL","NOT SPECIFIED","12,062,000",""
"SURVEY","1966","YEAR","","STATE","MISSOURI","29","","","","","","","00000000","","RICE","RICE - PRODUCTION, MEASURED IN $","TOTAL","NOT SPECIFIED","1,145,000",""
"SURVEY","1966","YEAR","","STATE","TEXAS","48","","","","","","","00000000","","RICE","RICE - PRODUCTION, MEASURED IN $","TOTAL","NOT SPECIFIED","108,807,000",""
"SURVEY","1965","YEAR","","STATE","ARKANSAS","05","","","","","","","00000000","","RICE","RICE - PRODUCTION, MEASURED IN $","TOTAL","NOT SPECIFIED","92,937,000",""
"SURVEY","1965","YEAR","","STATE","CALIFORNIA","06","","","","","","","00000000","","RICE","RICE - PRODUCTION, MEASURED IN $","TOTAL","NOT SPECIFIED","78,192,000",""
"SURVEY","1965","YEAR","","STATE","LOUISIANA","22","","","","","","","00000000","","RICE","RICE - PRODUCTION, MEASURED IN $","TOTAL","NOT SPECIFIED","87,571,000",""
"SURVEY","1965","YEAR","","STATE","MISSISSIPPI","28","","","","","","","00000000","","RICE","RICE - PRODUCTION, MEASURED IN $","TOTAL","NOT SPECIFIED","9,361,000",""
"SURVEY","1965","YEAR","","STATE","MISSOURI","29","","","","","","","00000000","","RICE","RICE - PRODUCTION, MEASURED IN $","TOTAL","NOT SPECIFIED","1,056,000",""
"SURVEY","1965","YEAR","","STATE","TEXAS","48","","","","","","","00000000","","RICE","RICE - PRODUCTION, MEASURED IN $","TOTAL","NOT SPECIFIED","107,110,000",""
"SURVEY","1964","YEAR","","STATE","ARKANSAS","05","","","","","","","00000000","","RICE","RICE - PRODUCTION, MEASURED IN $","TOTAL","NOT SPECIFIED","90,046,000",""
"SURVEY","1964","YEAR","","STATE","CALIFORNIA","06","","","","","","","00000000","","RICE","RICE - PRODUCTION, MEASURED IN $","TOTAL","NOT SPECIFIED","81,249,000",""
"SURVEY","1964","YEAR","","STATE","LOUISIANA","22","","","","","","","00000000","","RICE","RICE - PRODUCTION, MEASURED IN $","TOTAL","NOT SPECIFIED","81,936,000",""
"SURVEY","1964","YEAR","","STATE","MISSISSIPPI","28","","","","","","","00000000","","RICE","RICE - PRODUCTION, MEASURED IN $","TOTAL","NOT SPECIFIED","9,682,000",""
"SURVEY","1964","YEAR","","STATE","MISSOURI","29","","","","","","","00000000","","RICE","RICE - PRODUCTION, MEASURED IN $","TOTAL","NOT SPECIFIED","1,006,000",""
"SURVEY","1964","YEAR","","STATE","TEXAS","48","","","","","","","00000000","","RICE","RICE - PRODUCTION, MEASURED IN $","TOTAL","NOT SPECIFIED","94,715,000",""
"SURVEY","1963","YEAR","","STATE","ARKANSAS","05","","","","","","","00000000","","RICE","RICE - PRODUCTION, MEASURED IN $","TOTAL","NOT SPECIFIED","90,125,000",""
"SURVEY","1963","YEAR","","STATE","CALIFORNIA","06","","","","","","","00000000","","RICE","RICE - PRODUCTION, MEASURED IN $","TOTAL","NOT SPECIFIED","71,046,000",""
"SURVEY","1963","YEAR","","STATE","LOUISIANA","22","","","","","","","00000000","","RICE","RICE - PRODUCTION, MEASURED IN $","TOTAL","NOT SPECIFIED","83,610,000",""
"SURVEY","1963","YEAR","","STATE","MISSISSIPPI","28","","","","","","","00000000","","RICE","RICE - PRODUCTION, MEASURED IN $","TOTAL","NOT SPECIFIED","10,014,000",""
"SURVEY","1963","YEAR","","STATE","MISSOURI","29","","","","","","","00000000","","RICE","RICE - PRODUCTION, MEASURED IN $","TOTAL","NOT SPECIFIED","990,000",""
"SURVEY","1963","YEAR","","STATE","TEXAS","48","","","","","","","00000000","","RICE","RICE - PRODUCTION, MEASURED IN $","TOTAL","NOT SPECIFIED","96,374,000",""
"SURVEY","1962","YEAR","","STATE","ARKANSAS","05","","","","","","","00000000","","RICE","RICE - PRODUCTION, MEASURED IN $","TOTAL","NOT SPECIFIED","83,645,000",""
"SURVEY","1962","YEAR","","STATE","CALIFORNIA","06","","","","","","","00000000","","RICE","RICE - PRODUCTION, MEASURED IN $","TOTAL","NOT SPECIFIED","81,699,000",""
"SURVEY","1962","YEAR","","STATE","LOUISIANA","22","","","","","","","00000000","","RICE","RICE - PRODUCTION, MEASURED IN $","TOTAL","NOT SPECIFIED","75,611,000",""
"SURVEY","1962","YEAR","","STATE","MISSISSIPPI","28","","","","","","","00000000","","RICE","RICE - PRODUCTION, MEASURED IN $","TOTAL","NOT SPECIFIED","8,232,000",""
"SURVEY","1962","YEAR","","STATE","MISSOURI","29","","","","","","","00000000","","RICE","RICE - PRODUCTION, MEASURED IN $","TOTAL","NOT SPECIFIED","940,000",""
"SURVEY","1962","YEAR","","STATE","TEXAS","48","","","","","","","00000000","","RICE","RICE - PRODUCTION, MEASURED IN $","TOTAL","NOT SPECIFIED","82,497,000",""
"SURVEY","1961","YEAR","","STATE","ARKANSAS","05","","","","","","","00000000","","RICE","RICE - PRODUCTION, MEASURED IN $","TOTAL","NOT SPECIFIED","69,888,000",""
"SURVEY","1961","YEAR","","STATE","CALIFORNIA","06","","","","","","","00000000","","RICE","RICE - PRODUCTION, MEASURED IN $","TOTAL","NOT SPECIFIED","66,538,000",""
"SURVEY","1961","YEAR","","STATE","LOUISIANA","22","","","","","","","00000000","","RICE","RICE - PRODUCTION, MEASURED IN $","TOTAL","NOT SPECIFIED","70,731,000",""
"SURVEY","1961","YEAR","","STATE","MISSISSIPPI","28","","","","","","","00000000","","RICE","RICE - PRODUCTION, MEASURED IN $","TOTAL","NOT SPECIFIED","7,812,000",""
"SURVEY","1961","YEAR","","STATE","MISSOURI","29","","","","","","","00000000","","RICE","RICE - PRODUCTION, MEASURED IN $","TOTAL","NOT SPECIFIED","648,000",""
"SURVEY","1961","YEAR","","STATE","TEXAS","48","","","","","","","00000000","","RICE","RICE - PRODUCTION, MEASURED IN $","TOTAL","NOT SPECIFIED","62,982,000",""
"SURVEY","1960","YEAR","","STATE","ARKANSAS","05","","","","","","","00000000","","RICE","RICE - PRODUCTION, MEASURED IN $","TOTAL","NOT SPECIFIED","59,694,000",""
"SURVEY","1960","YEAR","","STATE","CALIFORNIA","06","","","","","","","00000000","","RICE","RICE - PRODUCTION, MEASURED IN $","TOTAL","NOT SPECIFIED","60,921,000",""
"SURVEY","1960","YEAR","","STATE","LOUISIANA","22","","","","","","","00000000","","RICE","RICE - PRODUCTION, MEASURED IN $","TOTAL","NOT SPECIFIED","58,739,000",""
"SURVEY","1960","YEAR","","STATE","MISSISSIPPI","28","","","","","","","00000000","","RICE","RICE - PRODUCTION, MEASURED IN $","TOTAL","NOT SPECIFIED","6,334,000",""
"SURVEY","1960","YEAR","","STATE","MISSOURI","29","","","","","","","00000000","","RICE","RICE - PRODUCTION, MEASURED IN $","TOTAL","NOT SPECIFIED","566,000",""
"SURVEY","1960","YEAR","","STATE","TEXAS","48","","","","","","","00000000","","RICE","RICE - PRODUCTION, MEASURED IN $","TOTAL","NOT SPECIFIED","62,192,000",""
"SURVEY","1959","YEAR","","STATE","ARKANSAS","05","","","","","","","00000000","","RICE","RICE - PRODUCTION, MEASURED IN $","TOTAL","NOT SPECIFIED","59,901,000",""
"SURVEY","1959","YEAR","","STATE","CALIFORNIA","06","","","","","","","00000000","","RICE","RICE - PRODUCTION, MEASURED IN $","TOTAL","NOT SPECIFIED","55,526,000",""
"SURVEY","1959","YEAR","","STATE","LOUISIANA","22","","","","","","","00000000","","RICE","RICE - PRODUCTION, MEASURED IN $","TOTAL","NOT SPECIFIED","59,773,000",""
"SURVEY","1959","YEAR","","STATE","MISSISSIPPI","28","","","","","","","00000000","","RICE","RICE - PRODUCTION, MEASURED IN $","TOTAL","NOT SPECIFIED","5,595,000",""
"SURVEY","1959","YEAR","","STATE","MISSOURI","29","","","","","","","00000000","","RICE","RICE - PRODUCTION, MEASURED IN $","TOTAL","NOT SPECIFIED","630,000",""
"SURVEY","1959","YEAR","","STATE","TEXAS","48","","","","","","","00000000","","RICE","RICE - PRODUCTION, MEASURED IN $","TOTAL","NOT SPECIFIED","64,892,000",""
"SURVEY","1958","YEAR","","STATE","ARKANSAS","05","","","","","","","00000000","","RICE","RICE - PRODUCTION, MEASURED IN $","TOTAL","NOT SPECIFIED","48,965,000",""
"SURVEY","1958","YEAR","","STATE","CALIFORNIA","06","","","","","","","00000000","","RICE","RICE - PRODUCTION, MEASURED IN $","TOTAL","NOT SPECIFIED","42,215,000",""
"SURVEY","1958","YEAR","","STATE","LOUISIANA","22","","","","","","","00000000","","RICE","RICE - PRODUCTION, MEASURED IN $","TOTAL","NOT SPECIFIED","53,628,000",""
"SURVEY","1958","YEAR","","STATE","MISSISSIPPI","28","","","","","","","00000000","","RICE","RICE - PRODUCTION, MEASURED IN $","TOTAL","NOT SPECIFIED","5,351,000",""
"SURVEY","1958","YEAR","","STATE","MISSOURI","29","","","","","","","00000000","","RICE","RICE - PRODUCTION, MEASURED IN $","TOTAL","NOT SPECIFIED","521,000",""
"SURVEY","1958","YEAR","","STATE","TEXAS","48","","","","","","","00000000","","RICE","RICE - PRODUCTION, MEASURED IN $","TOTAL","NOT SPECIFIED","58,745,000",""
"SURVEY","1957","YEAR","","STATE","ARKANSAS","05","","","","","","","00000000","","RICE","RICE - PRODUCTION, MEASURED IN $","TOTAL","NOT SPECIFIED","53,107,000",""
"SURVEY","1957","YEAR","","STATE","CALIFORNIA","06","","","","","","","00000000","","RICE","RICE - PRODUCTION, MEASURED IN $","TOTAL","NOT SPECIFIED","43,537,000",""
"SURVEY","1957","YEAR","","STATE","LOUISIANA","22","","","","","","","00000000","","RICE","RICE - PRODUCTION, MEASURED IN $","TOTAL","NOT SPECIFIED","56,496,000",""
"SURVEY","1957","YEAR","","STATE","MISSISSIPPI","28","","","","","","","00000000","","RICE","RICE - PRODUCTION, MEASURED IN $","TOTAL","NOT SPECIFIED","5,268,000",""
"SURVEY","1957","YEAR","","STATE","MISSOURI","29","","","","","","","00000000","","RICE","RICE - PRODUCTION, MEASURED IN $","TOTAL","NOT SPECIFIED","613,000",""
"SURVEY","1957","YEAR","","STATE","TEXAS","48","","","","","","","00000000","","RICE","RICE - PRODUCTION, MEASURED IN $","TOTAL","NOT SPECIFIED","60,517,000",""
"SURVEY","1956","YEAR","","STATE","ARKANSAS","05","","","","","","","00000000","","RICE","RICE - PRODUCTION, MEASURED IN $","TOTAL","NOT SPECIFIED","60,264,000",""
"SURVEY","1956","YEAR","","STATE","CALIFORNIA","06","","","","","","","00000000","","RICE","RICE - PRODUCTION, MEASURED IN $","TOTAL","NOT SPECIFIED","53,333,000",""
"SURVEY","1956","YEAR","","STATE","LOUISIANA","22","","","","","","","00000000","","RICE","RICE - PRODUCTION, MEASURED IN $","TOTAL","NOT SPECIFIED","58,320,000",""
"SURVEY","1956","YEAR","","STATE","MISSISSIPPI","28","","","","","","","00000000","","RICE","RICE - PRODUCTION, MEASURED IN $","TOTAL","NOT SPECIFIED","6,295,000",""
"SURVEY","1956","YEAR","","STATE","MISSOURI","29","","","","","","","00000000","","RICE","RICE - PRODUCTION, MEASURED IN $","TOTAL","NOT SPECIFIED","607,000",""
"SURVEY","1956","YEAR","","STATE","TEXAS","48","","","","","","","00000000","","RICE","RICE - PRODUCTION, MEASURED IN $","TOTAL","NOT SPECIFIED","61,474,000",""
"SURVEY","1955","YEAR","","STATE","ARKANSAS","05","","","","","","","00000000","","RICE","RICE - PRODUCTION, MEASURED IN $","TOTAL","NOT SPECIFIED","67,810,000",""
"SURVEY","1955","YEAR","","STATE","CALIFORNIA","06","","","","","","","00000000","","RICE","RICE - PRODUCTION, MEASURED IN $","TOTAL","NOT SPECIFIED","48,919,000",""
"SURVEY","1955","YEAR","","STATE","LOUISIANA","22","","","","","","","00000000","","RICE","RICE - PRODUCTION, MEASURED IN $","TOTAL","NOT SPECIFIED","68,632,000",""
"SURVEY","1955","YEAR","","STATE","MISSISSIPPI","28","","","","","","","00000000","","RICE","RICE - PRODUCTION, MEASURED IN $","TOTAL","NOT SPECIFIED","7,454,000",""
"SURVEY","1955","YEAR","","STATE","MISSOURI","29","","","","","","","00000000","","RICE","RICE - PRODUCTION, MEASURED IN $","TOTAL","NOT SPECIFIED","630,000",""
"SURVEY","1955","YEAR","","STATE","TEXAS","48","","","","","","","00000000","","RICE","RICE - PRODUCTION, MEASURED IN $","TOTAL","NOT SPECIFIED","75,103,000",""
"SURVEY","1954","YEAR","","STATE","ARKANSAS","05","","","","","","","00000000","","RICE","RICE - PRODUCTION, MEASURED IN $","TOTAL","NOT SPECIFIED","71,400,000",""
"SURVEY","1954","YEAR","","STATE","CALIFORNIA","06","","","","","","","00000000","","RICE","RICE - PRODUCTION, MEASURED IN $","TOTAL","NOT SPECIFIED","56,076,000",""
"SURVEY","1954","YEAR","","STATE","LOUISIANA","22","","","","","","","00000000","","RICE","RICE - PRODUCTION, MEASURED IN $","TOTAL","NOT SPECIFIED","67,973,000",""
"SURVEY","1954","YEAR","","STATE","MISSISSIPPI","28","","","","","","","00000000","","RICE","RICE - PRODUCTION, MEASURED IN $","TOTAL","NOT SPECIFIED","9,095,000",""
"SURVEY","1954","YEAR","","STATE","MISSOURI","29","","","","","","","00000000","","RICE","RICE - PRODUCTION, MEASURED IN $","TOTAL","NOT SPECIFIED","901,000",""
"SURVEY","1954","YEAR","","STATE","TEXAS","48","","","","","","","00000000","","RICE","RICE - PRODUCTION, MEASURED IN $","TOTAL","NOT SPECIFIED","87,586,000",""
"SURVEY","1953","YEAR","","STATE","ARKANSAS","05","","","","","","","00000000","","RICE","RICE - PRODUCTION, MEASURED IN $","TOTAL","NOT SPECIFIED","56,015,000",""
"SURVEY","1953","YEAR","","STATE","CALIFORNIA","06","","","","","","","00000000","","RICE","RICE - PRODUCTION, MEASURED IN $","TOTAL","NOT SPECIFIED","66,309,000",""
"SURVEY","1953","YEAR","","STATE","LOUISIANA","22","","","","","","","00000000","","RICE","RICE - PRODUCTION, MEASURED IN $","TOTAL","NOT SPECIFIED","63,622,000",""
"SURVEY","1953","YEAR","","STATE","MISSISSIPPI","28","","","","","","","00000000","","RICE","RICE - PRODUCTION, MEASURED IN $","TOTAL","NOT SPECIFIED","6,370,000",""
"SURVEY","1953","YEAR","","STATE","MISSOURI","29","","","","","","","00000000","","RICE","RICE - PRODUCTION, MEASURED IN $","TOTAL","NOT SPECIFIED","392,000",""
"SURVEY","1953","YEAR","","STATE","TEXAS","48","","","","","","","00000000","","RICE","RICE - PRODUCTION, MEASURED IN $","TOTAL","NOT SPECIFIED","81,367,000",""
"SURVEY","1952","YEAR","","STATE","ARKANSAS","05","","","","","","","00000000","","RICE","RICE - PRODUCTION, MEASURED IN $","TOTAL","NOT SPECIFIED","55,598,000",""
"SURVEY","1952","YEAR","","STATE","CALIFORNIA","06","","","","","","","00000000","","RICE","RICE - PRODUCTION, MEASURED IN $","TOTAL","NOT SPECIFIED","73,194,000",""
"SURVEY","1952","YEAR","","STATE","LOUISIANA","22","","","","","","","00000000","","RICE","RICE - PRODUCTION, MEASURED IN $","TOTAL","NOT SPECIFIED","67,190,000",""
"SURVEY","1952","YEAR","","STATE","MISSISSIPPI","28","","","","","","","00000000","","RICE","RICE - PRODUCTION, MEASURED IN $","TOTAL","NOT SPECIFIED","5,487,000",""
"SURVEY","1952","YEAR","","STATE","MISSOURI","29","","","","","","","00000000","","RICE","RICE - PRODUCTION, MEASURED IN $","TOTAL","NOT SPECIFIED","284,000",""
"SURVEY","1952","YEAR","","STATE","TEXAS","48","","","","","","","00000000","","RICE","RICE - PRODUCTION, MEASURED IN $","TOTAL","NOT SPECIFIED","81,144,000",""
"SURVEY","1951","YEAR","","STATE","ARKANSAS","05","","","","","","","00000000","","RICE","RICE - PRODUCTION, MEASURED IN $","TOTAL","NOT SPECIFIED","45,517,000",""
"SURVEY","1951","YEAR","","STATE","CALIFORNIA","06","","","","","","","00000000","","RICE","RICE - PRODUCTION, MEASURED IN $","TOTAL","NOT SPECIFIED","52,925,000",""
"SURVEY","1951","YEAR","","STATE","LOUISIANA","22","","","","","","","00000000","","RICE","RICE - PRODUCTION, MEASURED IN $","TOTAL","NOT SPECIFIED","54,919,000",""
"SURVEY","1951","YEAR","","STATE","MISSISSIPPI","28","","","","","","","00000000","","RICE","RICE - PRODUCTION, MEASURED IN $","TOTAL","NOT SPECIFIED","3,058,000",""
"SURVEY","1951","YEAR","","STATE","MISSOURI","29","","","","","","","00000000","","RICE","RICE - PRODUCTION, MEASURED IN $","TOTAL","NOT SPECIFIED","176,000",""
"SURVEY","1951","YEAR","","STATE","TEXAS","48","","","","","","","00000000","","RICE","RICE - PRODUCTION, MEASURED IN $","TOTAL","NOT SPECIFIED","65,678,000",""
"SURVEY","1950","YEAR","","STATE","ARKANSAS","05","","","","","","","00000000","","RICE","RICE - PRODUCTION, MEASURED IN $","TOTAL","NOT SPECIFIED","39,937,000",""
"SURVEY","1950","YEAR","","STATE","CALIFORNIA","06","","","","","","","00000000","","RICE","RICE - PRODUCTION, MEASURED IN $","TOTAL","NOT SPECIFIED","37,546,000",""
"SURVEY","1950","YEAR","","STATE","LOUISIANA","22","","","","","","","00000000","","RICE","RICE - PRODUCTION, MEASURED IN $","TOTAL","NOT SPECIFIED","55,658,000",""
"SURVEY","1950","YEAR","","STATE","MISSISSIPPI","28","","","","","","","00000000","","RICE","RICE - PRODUCTION, MEASURED IN $","TOTAL","NOT SPECIFIED","983,000",""
"SURVEY","1950","YEAR","","STATE","MISSOURI","29","","","","","","","00000000","","RICE","RICE - PRODUCTION, MEASURED IN $","TOTAL","NOT SPECIFIED","153,000",""
"SURVEY","1950","YEAR","","STATE","TEXAS","48","","","","","","","00000000","","RICE","RICE - PRODUCTION, MEASURED IN $","TOTAL","NOT SPECIFIED","63,161,000",""
"SURVEY","1949","YEAR","","STATE","ARKANSAS","05","","","","","","","00000000","","RICE","RICE - PRODUCTION, MEASURED IN $","TOTAL","NOT SPECIFIED","36,052,000",""
"SURVEY","1949","YEAR","","STATE","CALIFORNIA","06","","","","","","","00000000","","RICE","RICE - PRODUCTION, MEASURED IN $","TOTAL","NOT SPECIFIED","34,946,000",""
"SURVEY","1949","YEAR","","STATE","LOUISIANA","22","","","","","","","00000000","","RICE","RICE - PRODUCTION, MEASURED IN $","TOTAL","NOT SPECIFIED","47,292,000",""
"SURVEY","1949","YEAR","","STATE","MISSISSIPPI","28","","","","","","","00000000","","RICE","RICE - PRODUCTION, MEASURED IN $","TOTAL","NOT SPECIFIED","540,000",""
"SURVEY","1949","YEAR","","STATE","MISSOURI","29","","","","","","","00000000","","RICE","RICE - PRODUCTION, MEASURED IN $","TOTAL","NOT SPECIFIED","128,000",""
"SURVEY","1949","YEAR","","STATE","TEXAS","48","","","","","","","00000000","","RICE","RICE - PRODUCTION, MEASURED IN $","TOTAL","NOT SPECIFIED","48,275,000",""
